,tool,threshold,strain,nTP,nFP,nTN,n_true,nFN,sensitivity,precision,specificity,f-score
0,BioGraph*,10,AKR_J,36,389,11,504,468,0.07142857142857142,0.08470588235294117,0.0275,0.07750268610181935
1,BioGraph*,100,AKR_J,249,176,108,504,255,0.49404761904761907,0.5858823529411765,0.38028169014084506,0.536060274906986
2,BioGraph*,1000,AKR_J,269,156,122,504,235,0.5337301587301587,0.6329411764705882,0.43884892086330934,0.5791173254990204
3,BioGraph*,10000,AKR_J,291,134,173,504,213,0.5773809523809523,0.6847058823529412,0.5635179153094463,0.6264800811502582
4,breakdancer,10,AKR_J,9,527,4,504,495,0.017857142857142856,0.016791044776119403,0.007532956685499058,0.017307687312427475
5,breakdancer,100,AKR_J,254,282,118,504,250,0.503968253968254,0.47388059701492535,0.295,0.4884615334662722
6,breakdancer,1000,AKR_J,311,225,166,504,193,0.6170634920634921,0.5802238805970149,0.42455242966751916,0.5980769180816569
7,breakdancer,10000,AKR_J,325,211,213,504,179,0.6448412698412699,0.6063432835820896,0.5023584905660378,0.6249999950047338
8,clever,10,AKR_J,54,9551,8,504,450,0.10714285714285714,0.005622071837584591,0.0008369076263207448,0.01068354836507617
9,clever,100,AKR_J,336,9269,34,504,168,0.6666666666666666,0.03498178032274857,0.003654735031710201,0.06647541699698825
10,clever,1000,AKR_J,396,9209,60,504,108,0.7857142857142857,0.04122852680895367,0.006473190203905492,0.0783460273442036
11,clever,10000,AKR_J,488,9117,199,504,16,0.9682539682539683,0.050806871421134825,0.021361099184199227,0.09654762987660048
12,delly,10,AKR_J,69,854,21,504,435,0.13690476190476192,0.07475622968580715,0.024,0.0967063724457887
13,delly,100,AKR_J,311,612,109,504,193,0.6170634920634921,0.3369447453954496,0.15117891816920942,0.4358794628452279
14,delly,1000,AKR_J,353,570,140,504,151,0.7003968253968254,0.38244853737811485,0.19718309859154928,0.4947442140715769
15,delly,10000,AKR_J,405,518,244,504,99,0.8035714285714286,0.4387865655471289,0.32020997375328086,0.5676243822565804
16,gasv,100,AKR_J,68,12328,4,504,436,0.1349206349206349,0.005485640529202969,0.0003243593902043464,0.010542634908048368
17,gasv,1000,AKR_J,304,12092,37,504,200,0.6031746031746031,0.02452404001290739,0.0030505400280319895,0.04713178219487003
18,gasv,10000,AKR_J,496,11900,184,504,8,0.9841269841269841,0.040012907389480476,0.015226746110559417,0.07689922405533514
19,gridss,10,AKR_J,58,2376,6,504,446,0.11507936507936507,0.0238290879211175,0.0025188916876574307,0.03948263841020317
20,gridss,100,AKR_J,317,2117,51,504,187,0.628968253968254,0.13023829087921118,0.0235239852398524,0.21579305365867135
21,gridss,1000,AKR_J,384,2050,89,504,120,0.7619047619047619,0.15776499589153656,0.041608228143992516,0.26140231165730987
22,gridss,10000,AKR_J,464,1970,225,504,40,0.9206349206349206,0.19063270336894,0.10250569476082004,0.3158611271780723
23,indelminer,10,AKR_J,14,12267,1,504,490,0.027777777777777776,0.0011399723149580652,8.151287903488751e-05,0.0021900657268180686
24,indelminer,100,AKR_J,82,12199,1,504,422,0.1626984126984127,0.00667698070189724,8.19672131147541e-05,0.012827531507029036
25,indelminer,1000,AKR_J,181,12100,17,504,323,0.35912698412698413,0.014738213500529273,0.0014029875381695138,0.02831443021645412
26,indelminer,10000,AKR_J,305,11976,110,504,199,0.6051587301587301,0.02483511114730071,0.009101439682277015,0.0477121619333098
27,lumpexpress,10,AKR_J,86,534,0,504,418,0.17063492063492064,0.13870967741935483,0.0,0.15302490608528277
28,lumpexpress,100,AKR_J,297,323,0,504,207,0.5892857142857143,0.4790322580645161,0.0,0.5284697459429338
29,lumpexpress,1000,AKR_J,327,293,0,504,177,0.6488095238095238,0.5274193548387097,0.0,0.5818505288610835
30,lumpexpress,10000,AKR_J,363,257,0,504,141,0.7202380952380952,0.5854838709677419,0.0,0.6459074683628626
31,mistrvar,10,AKR_J,17,6534,0,504,487,0.03373015873015873,0.0025950236605098457,0.0,0.004819275781729926
32,mistrvar,100,AKR_J,110,6441,4,504,394,0.21825396825396826,0.016791329568004883,0.0006206361520558572,0.03118355643374946
33,mistrvar,1000,AKR_J,195,6356,20,504,309,0.3869047619047619,0.029766447870554113,0.003136762860727729,0.05527994197591811
34,mistrvar,10000,AKR_J,444,6107,191,504,60,0.8809523809523809,0.06777591207449245,0.030327087964433154,0.12586817727003574
35,pindel,10,AKR_J,46,79392,1,504,458,0.09126984126984126,0.0005790679523653667,1.2595568878868414e-05,0.0011508342296108576
36,pindel,100,AKR_J,223,79215,3,504,281,0.44246031746031744,0.002807220725597321,3.7870181019465275e-05,0.005579044682188966
37,pindel,1000,AKR_J,363,79075,41,504,141,0.7202380952380952,0.004569601450187567,0.0005182264017392184,0.009081584023211204
38,pindel,10000,AKR_J,502,78936,195,504,2,0.996031746031746,0.006319393741030741,0.0024642681123706258,0.012559105226083288
39,popdel,10,AKR_J,4,211,3,504,500,0.007936507936507936,0.018604651162790697,0.014018691588785047,0.011126560480966293
40,popdel,100,AKR_J,164,51,71,504,340,0.3253968253968254,0.7627906976744186,0.5819672131147541,0.4561891474072513
41,popdel,1000,AKR_J,205,10,97,504,299,0.40674603174603174,0.9534883720930233,0.9065420560747663,0.5702364353071122
42,popdel,10000,AKR_J,208,7,114,504,296,0.4126984126984127,0.9674418604651163,0.9421487603305785,0.57858135881198
43,rdxplorer,10,AKR_J,6,2559,0,504,498,0.011904761904761904,0.0023391812865497076,0.0,0.003910065681124954
44,rdxplorer,100,AKR_J,93,2472,15,504,411,0.18452380952380953,0.03625730994152047,0.006031363088057901,0.06060605786098631
45,rdxplorer,1000,AKR_J,182,2383,48,504,322,0.3611111111111111,0.0709551656920078,0.01974496092143151,0.11860540618291521
46,rdxplorer,10000,AKR_J,374,2191,181,504,130,0.7420634920634921,0.14580896686159844,0.07630691399662731,0.2437275958212338
47,smoove,10,AKR_J,86,343,44,504,418,0.17063492063492064,0.20046620046620048,0.11369509043927649,0.1843515491587833
48,smoove,100,AKR_J,299,130,179,504,205,0.5932539682539683,0.696969696969697,0.5792880258899676,0.6409431890301659
49,smoove,1000,AKR_J,325,104,199,504,179,0.6448412698412699,0.7575757575757576,0.6567656765676567,0.696677379812588
50,smoove,10000,AKR_J,341,88,247,504,163,0.6765873015873016,0.7948717948717948,0.7373134328358208,0.7309753433710019
51,sniffles,10,AKR_J,24,116,3,504,480,0.047619047619047616,0.17142857142857143,0.025210084033613446,0.07453415808803687
52,sniffles,100,AKR_J,77,63,12,504,427,0.1527777777777778,0.55,0.16,0.23913043137996223
53,sniffles,1000,AKR_J,84,56,13,504,420,0.16666666666666666,0.6,0.18840579710144928,0.26086956181474485
54,sniffles,10000,AKR_J,100,40,27,504,404,0.1984126984126984,0.7142857142857143,0.40298507462686567,0.31055900280853366
55,gasv,10,AKR_J,0,12396,0,504,504,0.0,0.0,0.0,0.0
56,BioGraph*,10,A_J,47,421,20,533,486,0.08818011257035648,0.10042735042735043,0.045351473922902494,0.09390608892717699
57,BioGraph*,100,A_J,279,189,131,533,254,0.5234521575984991,0.5961538461538461,0.409375,0.5574425524636404
58,BioGraph*,1000,A_J,304,164,150,533,229,0.5703564727954972,0.6495726495726496,0.47770700636942676,0.6073926024136902
59,BioGraph*,10000,A_J,323,145,198,533,210,0.6060037523452158,0.6901709401709402,0.577259475218659,0.6453546403757282
60,breakdancer,10,A_J,11,599,4,533,522,0.020637898686679174,0.018032786885245903,0.006633499170812604,0.019247589073436225
61,breakdancer,100,A_J,285,325,133,533,248,0.5347091932457786,0.4672131147540984,0.2903930131004367,0.49868765906468615
62,breakdancer,1000,A_J,360,250,190,533,173,0.6754221388367729,0.5901639344262295,0.4318181818181818,0.629921254865211
63,breakdancer,10000,A_J,374,236,245,533,159,0.701688555347092,0.6131147540983607,0.5093555093555093,0.6544181927479757
64,clever,10,A_J,67,467,39,533,466,0.12570356472795496,0.1254681647940075,0.07707509881422925,0.12558574945173845
65,clever,100,A_J,359,175,237,533,174,0.6735459662288931,0.6722846441947565,0.5752427184466019,0.6729147091518319
66,clever,1000,A_J,410,124,279,533,123,0.7692307692307693,0.7677902621722846,0.6923076923076923,0.7685098356747936
67,clever,10000,A_J,424,110,326,533,109,0.7954971857410882,0.7940074906367042,0.7477064220183486,0.7947516351124694
68,delly,10,A_J,75,838,28,533,458,0.14071294559099437,0.08214676889375684,0.03233256351039261,0.1037344351793283
69,delly,100,A_J,335,578,123,533,198,0.6285178236397748,0.3669222343921139,0.1754636233951498,0.4633471599372811
70,delly,1000,A_J,380,533,168,533,153,0.7129455909943715,0.41621029572836804,0.2396576319543509,0.5255878238376961
71,delly,10000,A_J,429,484,258,533,104,0.8048780487804879,0.46987951807228917,0.3477088948787062,0.5933609911959257
72,gasv,100,A_J,83,11776,4,533,450,0.15572232645403378,0.006998903786153976,0.00033955857385398983,0.013395738363339616
73,gasv,1000,A_J,309,11550,40,533,224,0.5797373358348968,0.026056159878573234,0.003451251078515962,0.0498708836183428
74,gasv,10000,A_J,526,11333,204,533,7,0.9868667917448405,0.0443544986929758,0.01768223975036838,0.08489347884106715
75,gridss,10,A_J,69,2343,7,533,464,0.1294559099437148,0.028606965174129355,0.0029787234042553193,0.04685908022726576
76,gridss,100,A_J,340,2072,46,533,193,0.6378986866791745,0.14096185737976782,0.021718602455146365,0.23089982725612807
77,gridss,1000,A_J,411,2001,83,533,122,0.7711069418386491,0.17039800995024876,0.03982725527831094,0.2791171447433946
78,gridss,10000,A_J,490,1922,247,533,43,0.9193245778611632,0.20315091210613598,0.11387736284001844,0.3327673994123251
79,indelminer,10,A_J,13,9367,0,533,520,0.024390243902439025,0.0013859275053304905,0.0,0.0026228175035981484
80,indelminer,100,A_J,68,9312,1,533,465,0.1275797373358349,0.007249466950959489,0.00010737678513905293,0.013719357400702643
81,indelminer,1000,A_J,147,9233,7,533,386,0.275797373358349,0.015671641791044775,0.0007575757575757576,0.029658023798362236
82,indelminer,10000,A_J,226,9154,68,533,307,0.42401500938086306,0.024093816631130065,0.007373671654738669,0.04559669019602187
83,lumpexpress,10,A_J,93,503,28,533,440,0.17448405253283303,0.15604026845637584,0.05273069679849341,0.1647475592316897
84,lumpexpress,100,A_J,309,287,128,533,224,0.5797373358348968,0.5184563758389261,0.30843373493975906,0.5473870632175178
85,lumpexpress,1000,A_J,344,252,150,533,189,0.6454033771106942,0.5771812080536913,0.373134328358209,0.6093888346967029
86,lumpexpress,10000,A_J,385,211,245,533,148,0.7223264540337712,0.6459731543624161,0.5372807017543859,0.6820194812866056
87,mistrvar,10,A_J,23,6482,0,533,510,0.043151969981238276,0.003535741737125288,0.0,0.0065359463124896955
88,mistrvar,100,A_J,136,6369,5,533,397,0.2551594746716698,0.020906994619523445,0.0007844367743959837,0.03864734159524023
89,mistrvar,1000,A_J,213,6292,22,533,320,0.399624765478424,0.032744043043812454,0.003484320557491289,0.060528557849858
90,mistrvar,10000,A_J,470,6035,207,533,63,0.8818011257035647,0.0722521137586472,0.0331624479333547,0.13356066924514073
91,pindel,10,A_J,51,79527,1,533,482,0.09568480300187618,0.0006408806454045087,1.2574187707474096e-05,0.0012732332564931775
92,pindel,100,A_J,235,79343,4,533,298,0.44090056285178236,0.0029530774837266583,5.041148373599506e-05,0.005866859599941633
93,pindel,1000,A_J,382,79196,39,533,151,0.7166979362101313,0.004800321696951419,0.0004922067268252667,0.009536767602587959
94,pindel,10000,A_J,530,79048,212,533,3,0.9943714821763602,0.0066601321973409735,0.002674741357557406,0.013231640965796506
95,popdel,10,A_J,5,202,0,533,528,0.009380863039399626,0.024154589371980676,0.0,0.013513509483894556
96,popdel,100,A_J,164,43,68,533,369,0.3076923076923077,0.7922705314009661,0.6126126126126126,0.44324323921362313
97,popdel,1000,A_J,202,5,88,533,331,0.3789868667917448,0.9758454106280193,0.946236559139785,0.5459459419163258
98,popdel,10000,A_J,205,2,105,533,328,0.38461538461538464,0.9903381642512077,0.9813084112149533,0.554054050024434
99,rdxplorer,10,A_J,5,2818,1,533,528,0.009380863039399626,0.001771165426850868,0.000354735721887194,0.0029797351111530077
100,rdxplorer,100,A_J,76,2747,18,533,457,0.1425891181988743,0.026921714488133193,0.0065099457504520794,0.045292011630817045
101,rdxplorer,1000,A_J,169,2654,39,533,364,0.3170731707317073,0.05986539142755933,0.014481990345339769,0.10071513439601362
102,rdxplorer,10000,A_J,388,2435,167,533,145,0.7279549718574109,0.13744243712362736,0.06418139892390469,0.2312276492947025
103,smoove,10,A_J,94,318,43,533,439,0.17636022514071295,0.22815533980582525,0.11911357340720222,0.19894179402377327
104,smoove,100,A_J,314,98,183,533,219,0.5891181988742964,0.7621359223300971,0.6512455516014235,0.6645502596322387
105,smoove,1000,A_J,345,67,210,533,188,0.6472795497185742,0.837378640776699,0.7581227436823105,0.7301587252407045
106,smoove,10000,A_J,361,51,262,533,172,0.6772983114446529,0.8762135922330098,0.8370607028753994,0.7640211591031383
107,sniffles,10,A_J,58,149,9,533,475,0.10881801125703565,0.28019323671497587,0.056962025316455694,0.1567567527271367
108,sniffles,100,A_J,149,58,32,533,384,0.2795497185741088,0.7198067632850241,0.35555555555555557,0.40270269867308256
109,sniffles,1000,A_J,154,53,37,533,379,0.28893058161350843,0.7439613526570048,0.4111111111111111,0.41621621218659616
110,sniffles,10000,A_J,166,41,65,533,367,0.31144465290806755,0.8019323671497585,0.6132075471698113,0.4486486446190286
111,gasv,10,A_J,0,11859,0,533,533,0.0,0.0,0.0,0.0
112,BioGraph*,10,BALB_CJ,45,417,13,545,500,0.08256880733944955,0.09740259740259741,0.030232558139534883,0.08937437437855594
113,BioGraph*,100,BALB_CJ,269,193,122,545,276,0.4935779816513762,0.5822510822510822,0.3873015873015873,0.5342601737827266
114,BioGraph*,1000,BALB_CJ,294,168,139,545,251,0.5394495412844037,0.6363636363636364,0.4527687296416938,0.583912606751942
115,BioGraph*,10000,BALB_CJ,317,145,196,545,228,0.581651376146789,0.6861471861471862,0.5747800586510264,0.6295928450836203
116,breakdancer,10,BALB_CJ,8,470,5,545,537,0.014678899082568808,0.016736401673640166,0.010526315789473684,0.015640268726238502
117,breakdancer,100,BALB_CJ,283,195,152,545,262,0.5192660550458715,0.5920502092050209,0.43804034582132567,0.5532746773283875
118,breakdancer,1000,BALB_CJ,355,123,211,545,190,0.6513761467889908,0.7426778242677824,0.6317365269461078,0.694037140671496
119,breakdancer,10000,BALB_CJ,371,107,269,545,174,0.6807339449541284,0.7761506276150628,0.7154255319148937,0.7253176880810758
120,clever,10,BALB_CJ,69,588,33,545,476,0.12660550458715597,0.1050228310502283,0.05314009661835749,0.11480864728966719
121,clever,100,BALB_CJ,385,272,230,545,160,0.7064220183486238,0.5859969558599696,0.4581673306772908,0.6405989967073044
122,clever,1000,BALB_CJ,438,219,276,545,107,0.8036697247706422,0.6666666666666666,0.5575757575757576,0.7287853527805157
123,clever,10000,BALB_CJ,453,204,334,545,92,0.8311926605504587,0.6894977168949772,0.620817843866171,0.7537437554427452
124,delly,10,BALB_CJ,76,881,26,545,469,0.13944954128440368,0.0794148380355277,0.02866593164277839,0.1011983975066979
125,delly,100,BALB_CJ,331,626,112,545,214,0.6073394495412844,0.3458725182863114,0.15176151761517614,0.440745667812956
126,delly,1000,BALB_CJ,376,581,145,545,169,0.689908256880734,0.3928944618599791,0.19972451790633608,0.5006657743375899
127,delly,10000,BALB_CJ,433,524,264,545,112,0.7944954128440367,0.45245559038662486,0.3350253807106599,0.5765645759354593
128,gasv,100,BALB_CJ,88,11185,7,545,457,0.1614678899082569,0.00780626275170762,0.0006254467476769121,0.01489253592847064
129,gasv,1000,BALB_CJ,357,10916,59,545,188,0.655045871559633,0.031668588663177503,0.005375854214123007,0.06041631321735197
130,gasv,10000,BALB_CJ,536,10737,223,545,9,0.9834862385321101,0.04754723676040096,0.020346715328467154,0.09070908695233251
131,gridss,10,BALB_CJ,68,2447,7,545,477,0.12477064220183487,0.027037773359840953,0.0028524857375713123,0.04444444151677793
132,gridss,100,BALB_CJ,343,2172,52,545,202,0.6293577981651376,0.1363817097415507,0.023381294964028777,0.22418300360828103
133,gridss,1000,BALB_CJ,413,2102,93,545,132,0.7577981651376147,0.16421471172962226,0.04236902050113895,0.26993463759520914
134,gridss,10000,BALB_CJ,501,2014,266,545,44,0.9192660550458716,0.1992047713717694,0.11666666666666667,0.32745097746449026
135,indelminer,10,BALB_CJ,13,9764,1,545,532,0.023853211009174313,0.0013296512222563158,0.00010240655401945725,0.0025188906874174005
136,indelminer,100,BALB_CJ,57,9720,2,545,488,0.10458715596330276,0.005830009205277692,0.0002057189878625797,0.011044370245642244
137,indelminer,1000,BALB_CJ,144,9633,12,545,401,0.26422018348623855,0.01472844430806996,0.001244167962674961,0.02790156846304192
138,indelminer,10000,BALB_CJ,247,9530,91,545,298,0.45321100917431195,0.025263373222870002,0.009458476249870076,0.04785894106525078
139,lumpexpress,10,BALB_CJ,87,555,29,545,458,0.1596330275229358,0.13551401869158877,0.04965753424657534,0.14658803210162907
140,lumpexpress,100,BALB_CJ,319,323,133,545,226,0.5853211009174312,0.4968847352024922,0.2916666666666667,0.5374894642836003
141,lumpexpress,1000,BALB_CJ,357,285,156,545,188,0.655045871559633,0.5560747663551402,0.35374149659863946,0.6015164230030612
142,lumpexpress,10000,BALB_CJ,404,238,261,545,141,0.7412844036697248,0.6292834890965732,0.5230460921843687,0.6807076614192363
143,mistrvar,10,BALB_CJ,21,6307,0,545,524,0.03853211009174312,0.00331858407079646,0.0,0.0061108671561656575
144,mistrvar,100,BALB_CJ,122,6206,5,545,423,0.22385321100917432,0.019279393173198482,0.0008050233456770246,0.035501235263251066
145,mistrvar,1000,BALB_CJ,202,6126,26,545,343,0.3706422018348624,0.03192161820480405,0.0042262678803641094,0.058780734754012
146,mistrvar,10000,BALB_CJ,490,5838,233,545,55,0.8990825688073395,0.07743362831858407,0.03837917970680283,0.14258693292075136
147,popdel,10,BALB_CJ,14,213,1,545,531,0.025688073394495414,0.06167400881057269,0.004672897196261682,0.03626942590019243
148,popdel,100,BALB_CJ,179,48,70,545,366,0.3284403669724771,0.788546255506608,0.5932203389830508,0.46373056579656513
149,popdel,1000,BALB_CJ,217,10,91,545,328,0.3981651376146789,0.9559471365638766,0.900990099009901,0.5621761616514873
150,popdel,10000,BALB_CJ,220,7,113,545,325,0.4036697247706422,0.9691629955947136,0.9416666666666667,0.569948182376876
151,rdxplorer,10,BALB_CJ,4,2541,1,545,541,0.007339449541284404,0.0015717092337917485,0.0003933910306845004,0.002588993858414881
152,rdxplorer,100,BALB_CJ,130,2415,24,545,415,0.23853211009174313,0.05108055009823183,0.00984009840098401,0.08414239191666416
153,rdxplorer,1000,BALB_CJ,229,2316,63,545,316,0.42018348623853213,0.0899803536345776,0.02648171500630517,0.1482200618195767
154,rdxplorer,10000,BALB_CJ,405,2140,194,545,140,0.7431192660550459,0.15913555992141454,0.0831191088260497,0.26213591942475467
155,smoove,10,BALB_CJ,90,350,43,545,455,0.1651376146788991,0.20454545454545456,0.10941475826972011,0.18274111180808592
156,smoove,100,BALB_CJ,320,120,186,545,225,0.5871559633027523,0.7272727272727273,0.6078431372549019,0.6497461879502179
157,smoove,1000,BALB_CJ,355,85,214,545,190,0.6513761467889908,0.8068181818181818,0.7157190635451505,0.7208121777979336
158,smoove,10000,BALB_CJ,375,65,279,545,170,0.6880733944954128,0.8522727272727273,0.811046511627907,0.7614213148537712
159,sniffles,10,BALB_CJ,55,164,14,545,490,0.10091743119266056,0.2511415525114155,0.07865168539325842,0.1439790535019943
160,sniffles,100,BALB_CJ,158,61,47,545,387,0.28990825688073396,0.7214611872146118,0.4351851851851852,0.4136125613553974
161,sniffles,1000,BALB_CJ,166,53,49,545,379,0.30458715596330277,0.7579908675799086,0.4803921568627451,0.4345549697323608
162,sniffles,10000,BALB_CJ,180,39,77,545,365,0.3302752293577982,0.821917808219178,0.6637931034482759,0.4712041843920466
163,gasv,10,BALB_CJ,0,11273,0,545,545,0.0,0.0,0.0,0.0
164,BioGraph*,10,C3H_HeJ,41,416,17,539,498,0.07606679035250463,0.08971553610503283,0.03926096997690531,0.0823293123029672
165,BioGraph*,100,C3H_HeJ,251,206,108,539,288,0.46567717996289426,0.5492341356673961,0.34394904458598724,0.5040160592909187
166,BioGraph*,1000,C3H_HeJ,278,179,126,539,261,0.5157699443413729,0.6083150984682714,0.4131147540983607,0.5582329267607983
167,BioGraph*,10000,C3H_HeJ,300,157,180,539,239,0.5565862708719852,0.6564551422319475,0.5341246290801187,0.6024096335881075
168,breakdancer,10,C3H_HeJ,11,468,6,539,528,0.02040816326530612,0.022964509394572025,0.012658227848101266,0.021610996982006775
169,breakdancer,100,C3H_HeJ,266,213,142,539,273,0.4935064935064935,0.5553235908141962,0.4,0.5225933152531256
170,breakdancer,1000,C3H_HeJ,338,141,203,539,201,0.62708719851577,0.7056367432150313,0.5901162790697675,0.6640471462943829
171,breakdancer,10000,C3H_HeJ,351,128,253,539,188,0.6512059369202227,0.732776617954071,0.6640419947506562,0.6895874213434988
172,clever,10,C3H_HeJ,82,654,37,539,457,0.15213358070500926,0.11141304347826086,0.053545586107091175,0.12862744609975874
173,clever,100,C3H_HeJ,373,363,211,539,166,0.6920222634508348,0.5067934782608695,0.367595818815331,0.5850980343350527
174,clever,1000,C3H_HeJ,429,307,253,539,110,0.7959183673469388,0.5828804347826086,0.4517857142857143,0.6729411715899547
175,clever,10000,C3H_HeJ,447,289,321,539,92,0.8293135435992579,0.6073369565217391,0.5262295081967213,0.7011764657076017
176,delly,10,C3H_HeJ,73,932,19,539,466,0.13543599257884972,0.07263681592039802,0.019978969505783387,0.09455958094768505
177,delly,100,C3H_HeJ,333,672,108,539,206,0.6178107606679035,0.33134328358208953,0.13846153846153847,0.4313471457145242
178,delly,1000,C3H_HeJ,371,634,138,539,168,0.6883116883116883,0.3691542288557214,0.17875647668393782,0.4805699436419855
179,delly,10000,C3H_HeJ,429,576,257,539,110,0.7959183673469388,0.42686567164179107,0.3085234093637455,0.5556994773207419
180,gasv,100,C3H_HeJ,76,13236,5,539,463,0.14100185528756956,0.005709134615384615,0.0003776149837625557,0.010973936151865954
181,gasv,1000,C3H_HeJ,333,12979,40,539,206,0.6178107606679035,0.02501502403846154,0.00307243259850987,0.048083170142191524
182,gasv,10000,C3H_HeJ,533,12779,198,539,6,0.9888682745825603,0.0400390625,0.015257763735840334,0.07696195145762001
183,gridss,10,C3H_HeJ,63,2652,9,539,476,0.11688311688311688,0.023204419889502764,0.0033821871476888386,0.038721570683965735
184,gridss,100,C3H_HeJ,336,2379,49,539,203,0.6233766233766234,0.12375690607734807,0.02018121911037891,0.2065150556255759
185,gridss,1000,C3H_HeJ,406,2309,86,539,133,0.7532467532467533,0.14953959484346224,0.03590814196242171,0.24953902612342468
186,gridss,10000,C3H_HeJ,489,2226,233,539,50,0.9072356215213359,0.18011049723756906,0.0947539650264335,0.300553162570874
187,indelminer,10,C3H_HeJ,6,7988,0,539,533,0.011131725417439703,0.0007505629221916438,0.0,0.0014063037502570833
188,indelminer,100,C3H_HeJ,57,7937,1,539,482,0.10575139146567718,0.007130347760820615,0.00012597631645250694,0.01335989568744124
189,indelminer,1000,C3H_HeJ,137,7857,16,539,402,0.2541743970315399,0.01713785339004253,0.0020322621618188747,0.032110628137927526
190,indelminer,10000,C3H_HeJ,225,7769,88,539,314,0.4174397031539889,0.02814610958218664,0.011200203640066183,0.052736433833462486
191,lumpexpress,10,C3H_HeJ,104,581,32,539,435,0.19294990723562153,0.15182481751824817,0.052202283849918436,0.16993463559401578
192,lumpexpress,100,C3H_HeJ,324,361,123,539,215,0.601113172541744,0.472992700729927,0.25413223140495866,0.5294117597770223
193,lumpexpress,1000,C3H_HeJ,354,331,146,539,185,0.6567717996289425,0.5167883211678832,0.3060796645702306,0.5784313676201596
194,lumpexpress,10000,C3H_HeJ,390,295,244,539,149,0.7235621521335807,0.5693430656934306,0.45269016697588127,0.6372548970319242
195,mistrvar,10,C3H_HeJ,19,7369,1,539,520,0.03525046382189239,0.0025717379534380075,0.000135685210312076,0.004793741636557802
196,mistrvar,100,C3H_HeJ,118,7270,3,539,421,0.2189239332096475,0.01597184623714131,0.00041248453183005636,0.02977166518897332
197,mistrvar,1000,C3H_HeJ,212,7176,29,539,327,0.39332096474953615,0.028695181375203032,0.004024982650936849,0.053488077450863036
198,mistrvar,10000,C3H_HeJ,482,6906,207,539,57,0.8942486085343229,0.06524093123984841,0.029101644875579924,0.12160968713926974
199,pindel,10,C3H_HeJ,44,91486,1,539,495,0.08163265306122448,0.0004807167049054955,1.0930514717938068e-05,0.0009558047690657085
200,pindel,100,C3H_HeJ,247,91283,7,539,292,0.4582560296846011,0.0026985687752649405,7.667871617920912e-05,0.00536554094519447
201,pindel,1000,C3H_HeJ,391,91139,50,539,148,0.725417439703154,0.004271823445864744,0.0005483117481275153,0.00849362966126611
202,pindel,10000,C3H_HeJ,535,90995,200,539,4,0.9925788497217068,0.005845078116464547,0.0021931026920335543,0.011621718377337753
203,popdel,10,C3H_HeJ,9,229,0,539,530,0.016697588126159554,0.037815126050420166,0.0,0.023166018916368884
204,popdel,100,C3H_HeJ,192,46,81,539,347,0.3562152133580705,0.8067226890756303,0.6377952755905512,0.4942084899588392
205,popdel,1000,C3H_HeJ,226,12,98,539,313,0.41929499072356213,0.9495798319327731,0.8909090909090909,0.5817245774749267
206,popdel,10000,C3H_HeJ,229,9,117,539,310,0.424860853432282,0.9621848739495799,0.9285714285714286,0.5894465851969345
207,rdxplorer,10,C3H_HeJ,4,2528,3,539,535,0.0074211502782931356,0.001579778830963665,0.001185302252074279,0.0026050117590486906
208,rdxplorer,100,C3H_HeJ,150,2382,34,539,389,0.2782931354359926,0.05924170616113744,0.014072847682119206,0.09768804660111656
209,rdxplorer,1000,C3H_HeJ,255,2277,68,539,284,0.47309833024118736,0.10071090047393365,0.028997867803837955,0.16606968124781138
210,rdxplorer,10000,C3H_HeJ,408,2124,176,539,131,0.7569573283858998,0.16113744075829384,0.07652173913043478,0.26571149173299535
211,smoove,10,C3H_HeJ,103,358,48,539,436,0.19109461966604824,0.22342733188720174,0.11822660098522167,0.2059999950304201
212,smoove,100,C3H_HeJ,321,140,184,539,218,0.5955473098330241,0.6963123644251626,0.5679012345679012,0.64199999503042
213,smoove,1000,C3H_HeJ,351,110,213,539,188,0.6512059369202227,0.7613882863340564,0.6594427244582043,0.7019999950304201
214,smoove,10000,C3H_HeJ,372,89,272,539,167,0.6901669758812616,0.806941431670282,0.7534626038781164,0.7439999950304201
215,sniffles,10,C3H_HeJ,63,186,20,539,476,0.11688311688311688,0.25301204819277107,0.0970873786407767,0.15989847283455524
216,sniffles,100,C3H_HeJ,161,88,49,539,378,0.2987012987012987,0.6465863453815262,0.35766423357664234,0.40862943730156026
217,sniffles,1000,C3H_HeJ,168,81,54,539,371,0.3116883116883117,0.6746987951807228,0.4,0.42639593476348914
218,sniffles,10000,C3H_HeJ,190,59,81,539,349,0.3525046382189239,0.7630522088353414,0.5785714285714286,0.4822334982152658
219,gasv,10,C3H_HeJ,0,13312,0,539,539,0.0,0.0,0.0,0.0
220,BioGraph*,10,CBA_J,44,445,18,586,542,0.07508532423208192,0.08997955010224949,0.038876889848812095,0.08186046015698895
221,BioGraph*,100,CBA_J,272,217,112,586,314,0.4641638225255973,0.556237218813906,0.3404255319148936,0.5060465066686166
222,BioGraph*,1000,CBA_J,302,187,133,586,284,0.515358361774744,0.6175869120654397,0.415625,0.5618604601569888
223,BioGraph*,10000,CBA_J,327,162,192,586,259,0.5580204778156996,0.6687116564417178,0.5423728813559322,0.6083720880639655
224,breakdancer,10,CBA_J,4,515,5,586,582,0.006825938566552901,0.007707129094412331,0.009615384615384616,0.007239814022910412
225,breakdancer,100,CBA_J,290,229,165,586,296,0.4948805460750853,0.558766859344894,0.41878172588832485,0.5248868728464364
226,breakdancer,1000,CBA_J,380,139,242,586,206,0.6484641638225256,0.7321772639691715,0.6351706036745407,0.6877828004482465
227,breakdancer,10000,CBA_J,390,129,293,586,196,0.6655290102389079,0.7514450867052023,0.6943127962085308,0.7058823479595585
228,clever,10,CBA_J,87,700,42,586,499,0.14846416382252559,0.11054637865311309,0.05660377358490566,0.12672978389084266
229,clever,100,CBA_J,411,376,228,586,175,0.7013651877133106,0.5222363405336722,0.37748344370860926,0.5986889972921535
230,clever,1000,CBA_J,471,316,280,586,115,0.8037542662116041,0.5984752223634053,0.4697986577181208,0.6860888516257295
231,clever,10000,CBA_J,489,298,349,586,97,0.8344709897610921,0.6213468869123253,0.5394126738794436,0.7123088079258024
232,delly,10,CBA_J,78,1014,23,586,508,0.13310580204778158,0.07142857142857142,0.022179363548698167,0.0929678142866034
233,delly,100,CBA_J,361,731,114,586,225,0.6160409556313993,0.3305860805860806,0.1349112426035503,0.43027413133070336
234,delly,1000,CBA_J,412,680,155,586,174,0.7030716723549488,0.3772893772893773,0.18562874251497005,0.49106078210543525
235,delly,10000,CBA_J,474,618,284,586,112,0.8088737201365188,0.4340659340659341,0.3148558758314856,0.5649582791256974
236,gasv,100,CBA_J,103,11403,6,586,483,0.1757679180887372,0.008951851208065357,0.0005259006047856955,0.01703605597485716
237,gasv,1000,CBA_J,369,11137,53,586,217,0.6296928327645052,0.03207022423083609,0.004736371760500447,0.061032086408201486
238,gasv,10000,CBA_J,582,10924,232,586,4,0.9931740614334471,0.05058230488440813,0.020795984223736106,0.0962619904770073
239,gridss,10,CBA_J,69,2874,8,586,517,0.11774744027303755,0.023445463812436288,0.002775850104094379,0.03910455942933931
240,gridss,100,CBA_J,364,2579,50,586,222,0.621160409556314,0.1236833163438668,0.01901863826550019,0.20629073114937313
241,gridss,1000,CBA_J,443,2500,90,586,143,0.7559726962457338,0.15052667346245327,0.03474903474903475,0.2510626212032127
242,gridss,10000,CBA_J,542,2401,263,586,44,0.9249146757679181,0.18416581719334013,0.09872372372372372,0.30716916696688523
243,indelminer,10,CBA_J,17,13242,1,586,569,0.02901023890784983,0.0012821479749604043,7.551159102922299e-05,0.0024557593915537365
244,indelminer,100,CBA_J,98,13161,3,586,488,0.16723549488054607,0.007391205973301154,0.00022789425706472196,0.014156734472810286
245,indelminer,1000,CBA_J,228,13031,22,586,358,0.3890784982935154,0.01719586695829248,0.0016854362981690034,0.032936077195814956
246,indelminer,10000,CBA_J,377,12882,143,586,209,0.643344709897611,0.02843351685647485,0.010978886756238003,0.05446009308602801
247,lumpexpress,10,CBA_J,102,643,34,586,484,0.17406143344709898,0.13691275167785236,0.050221565731166914,0.15326821445527436
248,lumpexpress,100,CBA_J,353,392,133,586,233,0.6023890784982935,0.4738255033557047,0.25333333333333335,0.5304282445078664
249,lumpexpress,1000,CBA_J,387,358,165,586,199,0.6604095563139932,0.5194630872483221,0.3154875717017208,0.5815176509691735
250,lumpexpress,10000,CBA_J,435,310,277,586,151,0.742320819112628,0.5838926174496645,0.47189097103918226,0.653643871855725
251,mistrvar,10,CBA_J,26,7418,0,586,560,0.04436860068259386,0.003492745835572273,0.0,0.006475714711741589
252,mistrvar,100,CBA_J,138,7306,4,586,448,0.2354948805460751,0.018538420204191296,0.0005471956224350205,0.03437110699069528
253,mistrvar,1000,CBA_J,244,7200,30,586,342,0.41638225255972694,0.03277807630306287,0.004149377593360996,0.06077210325470523
254,mistrvar,10000,CBA_J,527,6917,235,586,59,0.8993174061433447,0.07079527135948414,0.032857941834451905,0.13125778195956198
255,pindel,10,CBA_J,50,86520,1,586,536,0.08532423208191127,0.0005775672865888876,1.155788768044752e-05,0.0011473678043829646
256,pindel,100,CBA_J,269,86301,7,586,317,0.4590443686006826,0.0031073120018482153,8.110488019650554e-05,0.006172839372605449
257,pindel,1000,CBA_J,445,86125,52,586,141,0.7593856655290102,0.0051403488506410995,0.0006034092623321768,0.010211574514190651
258,pindel,10000,CBA_J,584,85986,223,586,2,0.9965870307167235,0.006745985907358207,0.0025867368836200396,0.013401257381692603
259,popdel,10,CBA_J,14,235,5,586,572,0.023890784982935155,0.05622489959839357,0.020833333333333332,0.03353292994617285
260,popdel,100,CBA_J,198,51,83,586,388,0.3378839590443686,0.7951807228915663,0.6194029850746269,0.4742514928204238
261,popdel,1000,CBA_J,238,11,107,586,348,0.4061433447098976,0.9558232931726908,0.9067796610169492,0.5700598760539569
262,popdel,10000,CBA_J,242,7,134,586,344,0.4129692832764505,0.9718875502008032,0.950354609929078,0.5796407143773101
263,rdxplorer,10,CBA_J,5,2681,3,586,581,0.008532423208191127,0.0018615040953090098,0.0011177347242921013,0.003056231778425065
264,rdxplorer,100,CBA_J,151,2535,28,586,435,0.257679180887372,0.056217423678332094,0.01092469761997659,0.09229828556815338
265,rdxplorer,1000,CBA_J,264,2422,68,586,322,0.45051194539249145,0.09828741623231571,0.027309236947791166,0.1613691902136301
266,rdxplorer,10000,CBA_J,450,2236,209,586,136,0.7679180887372014,0.16753536857781087,0.08548057259713701,0.2750611217539724
267,smoove,10,CBA_J,106,393,50,586,480,0.18088737201365188,0.2124248496993988,0.11286681715575621,0.19539170010127216
268,smoove,100,CBA_J,356,143,207,586,230,0.6075085324232082,0.7134268537074149,0.5914285714285714,0.6562211931888299
269,smoove,1000,CBA_J,384,115,239,586,202,0.6552901023890785,0.7695390781563126,0.6751412429378532,0.7078340964146361
270,smoove,10000,CBA_J,406,93,298,586,180,0.6928327645051194,0.8136272545090181,0.7621483375959079,0.7483870918063412
271,sniffles,10,CBA_J,71,202,20,586,515,0.12116040955631399,0.2600732600732601,0.09009009009009009,0.16530849391763724
272,sniffles,100,CBA_J,183,90,63,586,403,0.3122866894197952,0.6703296703296703,0.4117647058823529,0.42607682919121104
273,sniffles,1000,CBA_J,193,80,71,586,393,0.3293515358361775,0.706959706959707,0.47019867549668876,0.4493597162692088
274,sniffles,10000,CBA_J,210,63,106,586,376,0.3583617747440273,0.7692307692307693,0.6272189349112426,0.4889406243018048
275,gasv,10,CBA_J,0,11506,0,586,586,0.0,0.0,0.0,0.0
276,BioGraph*,10,DBA_2J,45,454,17,609,564,0.07389162561576355,0.09018036072144289,0.036093418259023353,0.0812274318723856
277,BioGraph*,100,DBA_2J,285,214,121,609,324,0.46798029556650245,0.5711422845691383,0.3611940298507463,0.5144404282622771
278,BioGraph*,1000,DBA_2J,316,183,143,609,293,0.5188834154351396,0.6332665330661322,0.4386503067484663,0.570397106962638
279,BioGraph*,10000,DBA_2J,341,158,205,609,268,0.5599343185550082,0.6833667334669339,0.5647382920110193,0.6155234607532518
280,breakdancer,10,DBA_2J,8,500,3,609,601,0.013136288998357963,0.015748031496062992,0.005964214711729622,0.014324077404354884
281,breakdancer,100,DBA_2J,295,213,145,609,314,0.48440065681444994,0.5807086614173228,0.40502793296089384,0.5282005321939683
282,breakdancer,1000,DBA_2J,384,124,235,609,225,0.6305418719211823,0.7559055118110236,0.6545961002785515,0.6875559484876119
283,breakdancer,10000,DBA_2J,404,104,293,609,205,0.6633825944170771,0.7952755905511811,0.7380352644836272,0.723366154396296
284,clever,10,DBA_2J,76,721,36,609,533,0.12479474548440066,0.09535759096612297,0.047556142668428,0.10810810319750372
285,clever,100,DBA_2J,414,383,236,609,195,0.6798029556650246,0.5194479297365119,0.38126009693053314,0.5889046892572475
286,clever,1000,DBA_2J,486,311,296,609,123,0.7980295566502463,0.6097867001254705,0.4876441515650741,0.691322896938613
287,clever,10000,DBA_2J,514,283,363,609,95,0.8440065681444991,0.644918444165621,0.5619195046439629,0.7311521999258108
288,delly,10,DBA_2J,76,996,19,609,533,0.12479474548440066,0.0708955223880597,0.0187192118226601,0.09042236301762274
289,delly,100,DBA_2J,364,708,111,609,245,0.5977011494252874,0.33955223880597013,0.13553113553113552,0.43307554564700984
290,delly,1000,DBA_2J,411,661,149,609,198,0.6748768472906403,0.3833955223880597,0.18395061728395062,0.4889946414233335
291,delly,10000,DBA_2J,485,587,294,609,124,0.7963875205254516,0.45242537313432835,0.3337116912599319,0.577037473071162
292,gasv,100,DBA_2J,107,10427,8,609,502,0.17569786535303777,0.010157584962977027,0.0007666506947771922,0.019204880955368923
293,gasv,1000,DBA_2J,387,10147,47,609,222,0.6354679802955665,0.03673818112777672,0.004610555228565823,0.06946064690708745
294,gasv,10000,DBA_2J,600,9934,240,609,9,0.9852216748768473,0.056958420353142206,0.023589541969726756,0.10769092600607337
295,gridss,10,DBA_2J,83,2906,10,609,526,0.13628899835796388,0.02776848444295751,0.003429355281207133,0.04613673982256696
296,gridss,100,DBA_2J,376,2613,50,609,233,0.6174055829228243,0.12579458012713282,0.01877581674802854,0.20900499996709157
297,gridss,1000,DBA_2J,464,2525,98,609,145,0.7619047619047619,0.15523586483773838,0.03736179946626001,0.2579210644473584
298,gridss,10000,DBA_2J,562,2427,275,609,47,0.922824302134647,0.18802275008364,0.10177646188008882,0.3123957726185646
299,indelminer,10,DBA_2J,13,12401,1,609,596,0.021346469622331693,0.0010472047688094086,8.063215610385422e-05,0.0019964668962284896
300,indelminer,100,DBA_2J,91,12323,3,609,518,0.14942528735632185,0.007330433381665861,0.00024338796040889178,0.013975273622788848
301,indelminer,1000,DBA_2J,224,12190,25,609,385,0.367816091954023,0.018044143708715966,0.002046663937781416,0.034400674836026934
302,indelminer,10000,DBA_2J,358,12056,142,609,251,0.5878489326765188,0.02883840824875141,0.011641252664371209,0.05497965049447736
303,lumpexpress,10,DBA_2J,108,640,37,609,501,0.17733990147783252,0.1443850267379679,0.05465288035450517,0.15917464501561557
304,lumpexpress,100,DBA_2J,354,394,133,609,255,0.5812807881773399,0.4732620320855615,0.2523719165085389,0.5217391254872442
305,lumpexpress,1000,DBA_2J,391,357,167,609,218,0.6420361247947455,0.5227272727272727,0.3187022900763359,0.5762711814931394
306,lumpexpress,10000,DBA_2J,446,302,293,609,163,0.7323481116584565,0.5962566844919787,0.492436974789916,0.6573323458262271
307,mistrvar,10,DBA_2J,23,7154,0,609,586,0.03776683087027915,0.0032046816218475687,0.0,0.005908038629937017
308,mistrvar,100,DBA_2J,138,7039,5,609,471,0.22660098522167488,0.01922808973108541,0.0007098239636570131,0.035448238989556555
309,mistrvar,1000,DBA_2J,240,6937,32,609,369,0.39408866995073893,0.03344015605406159,0.004591763524178505,0.061649112352001954
310,mistrvar,10000,DBA_2J,537,6640,242,609,72,0.8817733990147784,0.0748223491709628,0.035164196454519035,0.13793989067206358
311,pindel,10,DBA_2J,50,84768,1,609,559,0.08210180623973727,0.000589497512320498,1.1796765326947351e-05,0.0011705899529051867
312,pindel,100,DBA_2J,278,84540,5,609,331,0.45648604269293924,0.003277606168501969,5.914010290377905e-05,0.006508480783672963
313,pindel,1000,DBA_2J,456,84362,63,609,153,0.7487684729064039,0.005376217312362942,0.0007462244595795084,0.01067578151997413
314,pindel,10000,DBA_2J,607,84211,241,609,2,0.9967159277504105,0.0071564997995708455,0.0028536920380808034,0.014210963605263326
315,popdel,10,DBA_2J,14,253,4,609,595,0.022988505747126436,0.052434456928838954,0.01556420233463035,0.031963466081738855
316,popdel,100,DBA_2J,207,60,85,609,402,0.3399014778325123,0.7752808988764045,0.5862068965517241,0.47260273548813103
317,popdel,1000,DBA_2J,252,15,114,609,357,0.41379310344827586,0.9438202247191011,0.8837209302325582,0.5753424615155283
318,popdel,10000,DBA_2J,258,9,143,609,351,0.4236453201970443,0.9662921348314607,0.9407894736842105,0.5890410916525145
319,rdxplorer,10,DBA_2J,4,2710,0,609,605,0.006568144499178982,0.0014738393515106854,0.0,0.0024074601421059908
320,rdxplorer,100,DBA_2J,154,2560,29,609,455,0.25287356321839083,0.056742815033161385,0.011201235998455001,0.09268732773162991
321,rdxplorer,1000,DBA_2J,274,2440,65,609,335,0.44991789819376027,0.10095799557848195,0.02594810379241517,0.16491122180325188
322,rdxplorer,10000,DBA_2J,461,2253,212,609,148,0.7569786535303776,0.16985998526160648,0.08600405679513184,0.27746012339819615
323,smoove,10,DBA_2J,110,389,55,609,499,0.180623973727422,0.22044088176352705,0.12387387387387387,0.19855595172798104
324,smoove,100,DBA_2J,358,141,196,609,251,0.5878489326765188,0.717434869739479,0.5816023738872403,0.6462093813308691
325,smoove,1000,DBA_2J,389,110,228,609,220,0.638752052545156,0.779559118236473,0.6745562130177515,0.70216606003123
326,smoove,10000,DBA_2J,415,84,304,609,194,0.6814449917898193,0.8316633266533067,0.7835051546391752,0.7490974679734683
327,sniffles,10,DBA_2J,67,185,20,609,542,0.11001642036124795,0.26587301587301587,0.0975609756097561,0.15563298076088505
328,sniffles,100,DBA_2J,166,86,48,609,443,0.27257799671592775,0.6587301587301587,0.3582089552238806,0.3855981375553101
329,sniffles,1000,DBA_2J,175,77,55,609,434,0.28735632183908044,0.6944444444444444,0.4166666666666667,0.40650406090025776
330,sniffles,10000,DBA_2J,196,56,85,609,413,0.3218390804597701,0.7777777777777778,0.6028368794326241,0.4552845487051359
331,gasv,10,DBA_2J,0,10534,0,609,609,0.0,0.0,0.0,0.0
332,BioGraph*,10,LP_J,39,336,12,483,444,0.08074534161490683,0.104,0.034482758620689655,0.09090908598831265
333,BioGraph*,100,LP_J,222,153,80,483,261,0.45962732919254656,0.592,0.34334763948497854,0.517482512561739
334,BioGraph*,1000,LP_J,241,134,95,483,242,0.4989648033126294,0.6426666666666667,0.4148471615720524,0.5617715568507833
335,BioGraph*,10000,LP_J,264,111,148,483,219,0.546583850931677,0.704,0.5714285714285714,0.615384610463837
336,breakdancer,10,LP_J,7,405,2,483,476,0.014492753623188406,0.01699029126213592,0.004914004914004914,0.015642453132026172
337,breakdancer,100,LP_J,210,202,92,483,273,0.43478260869565216,0.5097087378640777,0.3129251700680272,0.46927373804822575
338,breakdancer,1000,LP_J,292,120,158,483,191,0.6045548654244306,0.7087378640776699,0.5683453237410072,0.6525139615119129
339,breakdancer,10000,LP_J,307,105,203,483,176,0.6356107660455487,0.7451456310679612,0.6590909090909091,0.6860335145845385
340,clever,10,LP_J,51,589,23,483,432,0.10559006211180125,0.0796875,0.03758169934640523,0.09082813401135041
341,clever,100,LP_J,335,305,182,483,148,0.6935817805383023,0.5234375,0.3737166324435318,0.5966162016872184
342,clever,1000,LP_J,374,266,211,483,109,0.7743271221532091,0.584375,0.44234800838574423,0.666073013797637
343,clever,10000,LP_J,386,254,266,483,97,0.7991718426501035,0.603125,0.5115384615384615,0.6874443406008426
344,delly,10,LP_J,68,743,15,483,415,0.14078674948240166,0.08384710234278668,0.01978891820580475,0.10510045899977087
345,delly,100,LP_J,294,517,99,483,189,0.6086956521739131,0.3625154130702836,0.16071428571428573,0.45440494122542757
346,delly,1000,LP_J,332,479,130,483,151,0.6873706004140787,0.4093711467324291,0.2134646962233169,0.5131375532810691
347,delly,10000,LP_J,374,437,243,483,109,0.7743271221532091,0.46115906288532676,0.3573529411764706,0.5780525455530937
348,gasv,100,LP_J,72,11533,3,483,411,0.14906832298136646,0.006204222317966394,0.00026005547850208044,0.01191263986813245
349,gasv,1000,LP_J,324,11281,40,483,159,0.6708074534161491,0.027919000430848773,0.0035332567794364458,0.05360688209182532
350,gasv,10000,LP_J,479,11126,189,483,4,0.9917184265010351,0.04127531236535976,0.016703490941228458,0.07925215012623962
351,gridss,10,LP_J,59,2276,3,483,424,0.12215320910973085,0.025267665952890792,0.0013163668275559457,0.04187366642856875
352,gridss,100,LP_J,303,2032,38,483,180,0.6273291925465838,0.1297644539614561,0.018357487922705314,0.21504612916810018
353,gridss,1000,LP_J,367,1968,75,483,116,0.7598343685300207,0.15717344753747323,0.03671071953010279,0.2604684144768297
354,gridss,10000,LP_J,446,1889,234,483,37,0.9233954451345756,0.19100642398286938,0.11022138483278379,0.3165365479047928
355,indelminer,10,LP_J,15,13401,0,483,468,0.031055900621118012,0.0011180679785330948,0.0,0.002158427993071061
356,indelminer,100,LP_J,67,13349,0,483,416,0.13871635610766045,0.004994036970781157,0.0,0.00964098069470411
357,indelminer,1000,LP_J,189,13227,19,483,294,0.391304347826087,0.014087656529516995,0.0014343952891438924,0.02719620049468969
358,indelminer,10000,LP_J,347,13069,137,483,136,0.7184265010351967,0.02586463923673226,0.010374072391337271,0.04993164908811367
359,lumpexpress,10,LP_J,78,499,26,483,405,0.16149068322981366,0.13518197573656845,0.049523809523809526,0.14716980636007493
360,lumpexpress,100,LP_J,283,294,128,483,200,0.5859213250517599,0.4904679376083189,0.3033175355450237,0.5339622591902635
361,lumpexpress,1000,LP_J,320,257,151,483,163,0.6625258799171843,0.5545927209705372,0.3700980392156863,0.6037735799449805
362,lumpexpress,10000,LP_J,353,224,241,483,130,0.7308488612836439,0.6117850953206239,0.5182795698924731,0.6660377308883767
363,mistrvar,10,LP_J,18,5554,0,483,465,0.037267080745341616,0.003230437903804738,0.0,0.00594549811900391
364,mistrvar,100,LP_J,97,5475,5,483,386,0.20082815734989648,0.017408470926058867,0.0009124087591240876,0.03203963519579965
365,mistrvar,1000,LP_J,183,5389,23,483,300,0.37888198757763975,0.03284278535534817,0.004249815225424981,0.06044591100091935
366,mistrvar,10000,LP_J,430,5142,196,483,53,0.8902691511387164,0.07717157214644652,0.036717871862120645,0.14203137755748413
367,pindel,10,LP_J,43,76321,1,483,440,0.08902691511387163,0.0005630925567021109,1.3102382013049973e-05,0.0011191066717076302
368,pindel,100,LP_J,195,76169,4,483,288,0.40372670807453415,0.0025535592687653866,5.251204495031048e-05,0.0050750190690686085
369,pindel,1000,LP_J,340,76024,45,483,143,0.7039337474120083,0.004452359750667854,0.00059156818151941,0.008848751290235341
370,pindel,10000,LP_J,480,75884,199,483,3,0.9937888198757764,0.0062856843538840294,0.0026155645807867723,0.012492354814120466
371,popdel,10,LP_J,6,216,4,483,477,0.012422360248447204,0.02702702702702703,0.01818181818181818,0.017021272281033235
372,popdel,100,LP_J,173,49,72,483,310,0.3581780538302277,0.7792792792792793,0.5950413223140496,0.4907801375292591
373,popdel,1000,LP_J,210,12,96,483,273,0.43478260869565216,0.9459459459459459,0.8888888888888888,0.5957446765363513
374,popdel,10000,LP_J,215,7,123,483,268,0.4451345755693582,0.9684684684684685,0.9461538461538461,0.6099290736994719
375,rdxplorer,10,LP_J,4,2662,0,483,479,0.008281573498964804,0.0015003750937734434,0.0,0.0025404864470240495
376,rdxplorer,100,LP_J,132,2534,27,483,351,0.2732919254658385,0.04951237809452363,0.010542756735650137,0.08383613585953338
377,rdxplorer,1000,LP_J,227,2439,59,483,256,0.4699792960662526,0.08514628657164292,0.023618895116092876,0.14417275065788202
378,rdxplorer,10000,LP_J,393,2273,187,483,90,0.8136645962732919,0.1474118529632408,0.07601626016260163,0.24960304598973337
379,smoove,10,LP_J,78,322,36,483,405,0.16149068322981366,0.195,0.1005586592178771,0.1766704367202822
380,smoove,100,LP_J,281,119,165,483,202,0.5817805383022774,0.7025,0.5809859154929577,0.6364665862106559
381,smoove,1000,LP_J,315,85,187,483,168,0.6521739130434783,0.7875,0.6875,0.7134767787361372
382,smoove,10000,LP_J,331,69,243,483,152,0.6853002070393375,0.8275,0.7788461538461539,0.7497168693363636
383,sniffles,10,LP_J,44,142,5,483,439,0.09109730848861283,0.23655913978494625,0.034013605442176874,0.13153960734568038
384,sniffles,100,LP_J,121,65,23,483,362,0.2505175983436853,0.6505376344086021,0.26136363636363635,0.3617339272260988
385,sniffles,1000,LP_J,129,57,27,483,354,0.2670807453416149,0.6935483870967742,0.32142857142857145,0.3856502202006878
386,sniffles,10000,LP_J,143,43,47,483,340,0.29606625258799174,0.7688172043010753,0.5222222222222223,0.42750373290621846
387,gasv,10,LP_J,0,11605,0,483,483,0.0,0.0,0.0,0.0
